{
  "sampler_type": "baoa",
  "config": {
    "batch_size": 16,
    "train_samples": 10000,
    "max_seq_length": 128,
    "num_epochs": 15,
    "learning_rate": 1e-06,
    "temperature": 1.0,
    "vi_n_samples": 1,
    "prior_std": 1,
    "prior_strength": 10.0,
    "init_log_scale": -5,
    "max_log_scale": 2,
    "prior_beta": 0.0001,
    "num_samples": 10,
    "max_new_tokens": 100,
    "generation_temperature": 0.8,
    "save_dir": "checkpoints/samplers",
    "wandb_project": "bayesian-nanogpt",
    "weight_decay": 0.01,
    "kl_weight": 1.0,
    "baoa_alpha": 0.01,
    "baoa_sigma": 1.0,
    "warmup_steps": 200,
    "sampling_steps": 1000,
    "thinning": 10
  },
  "training_metrics": {
    "training_losses": [
      1.1319938970327377,
      1.1356906210339588
    ],
    "log_posterior_values": [
      -12307.34634921875,
      -12344.31415845788
    ],
    "epoch_times": [
      75.300233,
      70.580104
    ],
    "sampler_specific_metrics": [
      {
        "epoch": 0,
        "avg_momentum": 0.7983673810958862
      },
      {
        "epoch": 1,
        "avg_momentum": 0.7983703017234802
      }
    ]
  },
  "timestamp": "2025-11-12T14:23:31.793091",
  "evaluation": {
    "deterministic": {
      "loss": 0.542256772518158,
      "perplexity": 1.7198837995529175
    },
    "posterior_mean": {
      "loss": 0.5448229312896729,
      "perplexity": 1.7243030071258545,
      "improvement_over_deterministic": -0.0025661587715148926,
      "better_than_deterministic": false
    },
    "posterior_sampling": {
      "mean_loss": 0.5447668313980103,
      "std_loss": 2.6687613448255572e-05,
      "min_loss": 0.5447289943695068,
      "max_loss": 0.5448044538497925,
      "num_samples": 5
    },
    "uncertainty": {
      "avg_predictive_entropy": 0.7924102544784546,
      "max_predictive_entropy": 2.168022871017456,
      "min_predictive_entropy": 0.006734771654009819
    }
  }
}