{
  "/content/drive/MyDrive/samplers_models/samplers/baoa_sampler/zero-centered-prior/run_20260225-102111/baoa_model.pt": {
    "overall_avg_quality": 5.9125,
    "overall_avg_diversity": 5.475,
    "overall_avg_relevance": 6.275,
    "total_generations": 120,
    "by_config": {
      "temp_0.8_topk_50_samples_10": {
        "avg_quality": 5.733333333333333,
        "avg_diversity": 5.066666666666666,
        "avg_relevance": 5.666666666666667,
        "count": 15
      },
      "temp_0.8_topk_50_samples_20": {
        "avg_quality": 5.966666666666667,
        "avg_diversity": 5.733333333333333,
        "avg_relevance": 6.533333333333333,
        "count": 15
      },
      "temp_0.3_topk_10_samples_10": {
        "avg_quality": 6.133333333333334,
        "avg_diversity": 5.366666666666666,
        "avg_relevance": 6.366666666666666,
        "count": 15
      },
      "temp_0.3_topk_10_samples_20": {
        "avg_quality": 5.7,
        "avg_diversity": 5.166666666666667,
        "avg_relevance": 6.066666666666666,
        "count": 15
      },
      "temp_0.3_topk_50_samples_10": {
        "avg_quality": 5.566666666666666,
        "avg_diversity": 5.266666666666667,
        "avg_relevance": 6.133333333333334,
        "count": 15
      },
      "temp_0.3_topk_50_samples_20": {
        "avg_quality": 5.8,
        "avg_diversity": 5.633333333333334,
        "avg_relevance": 6.433333333333334,
        "count": 15
      },
      "temp_0.8_topk_10_samples_10": {
        "avg_quality": 6.166666666666667,
        "avg_diversity": 5.8,
        "avg_relevance": 6.6,
        "count": 15
      },
      "temp_0.8_topk_10_samples_20": {
        "avg_quality": 6.233333333333333,
        "avg_diversity": 5.766666666666667,
        "avg_relevance": 6.4,
        "count": 15
      }
    }
  },
  "/content/drive/MyDrive/samplers_models/samplers/sghmc_sampler/zero-centered-prior/run_20260224-231606/sghmc_model.pt": {
    "overall_avg_quality": 6.125,
    "overall_avg_diversity": 5.645833333333333,
    "overall_avg_relevance": 6.254166666666666,
    "total_generations": 120,
    "by_config": {
      "temp_0.3_topk_10_samples_10": {
        "avg_quality": 5.933333333333334,
        "avg_diversity": 5.4,
        "avg_relevance": 6.266666666666667,
        "count": 15
      },
      "temp_0.3_topk_10_samples_20": {
        "avg_quality": 6.5,
        "avg_diversity": 6.1,
        "avg_relevance": 6.633333333333334,
        "count": 15
      },
      "temp_0.3_topk_50_samples_10": {
        "avg_quality": 6.2,
        "avg_diversity": 5.766666666666667,
        "avg_relevance": 6.333333333333333,
        "count": 15
      },
      "temp_0.3_topk_50_samples_20": {
        "avg_quality": 5.966666666666667,
        "avg_diversity": 5.5,
        "avg_relevance": 6.233333333333333,
        "count": 15
      },
      "temp_0.8_topk_10_samples_10": {
        "avg_quality": 5.7,
        "avg_diversity": 5.266666666666667,
        "avg_relevance": 5.733333333333333,
        "count": 15
      },
      "temp_0.8_topk_10_samples_20": {
        "avg_quality": 6.266666666666667,
        "avg_diversity": 5.733333333333333,
        "avg_relevance": 6.533333333333333,
        "count": 15
      },
      "temp_0.8_topk_50_samples_10": {
        "avg_quality": 6.4,
        "avg_diversity": 5.933333333333334,
        "avg_relevance": 6.4,
        "count": 15
      },
      "temp_0.8_topk_50_samples_20": {
        "avg_quality": 6.033333333333333,
        "avg_diversity": 5.466666666666667,
        "avg_relevance": 5.9,
        "count": 15
      }
    }
  },
  "/content/drive/MyDrive/samplers_models/samplers/sghmc_sampler/zero-centered-prior/run_20260224-233423/sghmc_model.pt": {
    "overall_avg_quality": 5.783333333333333,
    "overall_avg_diversity": 5.5875,
    "overall_avg_relevance": 5.945833333333334,
    "total_generations": 120,
    "by_config": {
      "temp_0.3_topk_10_samples_10": {
        "avg_quality": 5.366666666666666,
        "avg_diversity": 4.933333333333334,
        "avg_relevance": 4.7,
        "count": 15
      },
      "temp_0.3_topk_10_samples_20": {
        "avg_quality": 5.6,
        "avg_diversity": 5.3,
        "avg_relevance": 5.6,
        "count": 15
      },
      "temp_0.3_topk_50_samples_10": {
        "avg_quality": 6.333333333333333,
        "avg_diversity": 6.066666666666666,
        "avg_relevance": 7.033333333333333,
        "count": 15
      },
      "temp_0.3_topk_50_samples_20": {
        "avg_quality": 6.466666666666667,
        "avg_diversity": 6.266666666666667,
        "avg_relevance": 7.433333333333334,
        "count": 15
      },
      "temp_0.8_topk_10_samples_10": {
        "avg_quality": 5.8,
        "avg_diversity": 5.433333333333334,
        "avg_relevance": 5.933333333333334,
        "count": 15
      },
      "temp_0.8_topk_10_samples_20": {
        "avg_quality": 5.266666666666667,
        "avg_diversity": 5.166666666666667,
        "avg_relevance": 5.433333333333334,
        "count": 15
      },
      "temp_0.8_topk_50_samples_10": {
        "avg_quality": 5.566666666666666,
        "avg_diversity": 5.566666666666666,
        "avg_relevance": 5.733333333333333,
        "count": 15
      },
      "temp_0.8_topk_50_samples_20": {
        "avg_quality": 5.866666666666666,
        "avg_diversity": 5.966666666666667,
        "avg_relevance": 5.7,
        "count": 15
      }
    }
  },
  "/content/drive/MyDrive/samplers_models/samplers/baoa_sampler/zero-centered-prior/run_20260207-232141/baoa_model.pt": {
    "overall_avg_quality": 5.983333333333333,
    "overall_avg_diversity": 5.695833333333334,
    "overall_avg_relevance": 6.045833333333333,
    "total_generations": 120,
    "by_config": {
      "temp_0.3_topk_10_samples_10": {
        "avg_quality": 5.933333333333334,
        "avg_diversity": 6.2,
        "avg_relevance": 6.133333333333334,
        "count": 15
      },
      "temp_0.3_topk_10_samples_20": {
        "avg_quality": 5.8,
        "avg_diversity": 5.4,
        "avg_relevance": 5.7,
        "count": 15
      },
      "temp_0.3_topk_50_samples_10": {
        "avg_quality": 5.333333333333333,
        "avg_diversity": 5.0,
        "avg_relevance": 5.2,
        "count": 15
      },
      "temp_0.3_topk_50_samples_20": {
        "avg_quality": 5.733333333333333,
        "avg_diversity": 5.566666666666666,
        "avg_relevance": 5.8,
        "count": 15
      },
      "temp_0.8_topk_10_samples_10": {
        "avg_quality": 5.866666666666666,
        "avg_diversity": 5.333333333333333,
        "avg_relevance": 6.133333333333334,
        "count": 15
      },
      "temp_0.8_topk_10_samples_20": {
        "avg_quality": 6.633333333333334,
        "avg_diversity": 6.166666666666667,
        "avg_relevance": 7.1,
        "count": 15
      },
      "temp_0.8_topk_50_samples_10": {
        "avg_quality": 5.733333333333333,
        "avg_diversity": 5.3,
        "avg_relevance": 5.333333333333333,
        "count": 15
      },
      "temp_0.8_topk_50_samples_20": {
        "avg_quality": 6.833333333333333,
        "avg_diversity": 6.6,
        "avg_relevance": 6.966666666666667,
        "count": 15
      }
    }
  }
}