{
  "sampler_type": "vi",
  "config": {
    "batch_size": 32,
    "train_samples": 2000,
    "max_seq_length": 128,
    "num_epochs": 4,
    "learning_rate": 0.0001,
    "temperature": 1,
    "vi_n_samples": 1,
    "prior_std": 1,
    "prior_strength": 10.0,
    "init_log_scale": -5,
    "max_log_scale": 2,
    "prior_beta": 1e-05,
    "num_samples": 10,
    "max_new_tokens": 100,
    "generation_temperature": 0.8,
    "save_dir": "checkpoints/samplers",
    "wandb_project": "bayesian-nanogpt",
    "weight_decay": 0.01,
    "kl_weight": 1.0
  },
  "training_metrics": {
    "training_losses": [
      1.2668194184227595,
      1.2399788186663674,
      1.2633620935773093,
      1.241300862932962
    ],
    "log_posterior_values": [
      -1.3031682457242693,
      -1.3082903065378704,
      -1.3034476363469685,
      -1.3099124705980694
    ],
    "epoch_times": [
      122.761401,
      128.308123,
      99.855582,
      96.566531
    ],
    "sampler_specific_metrics": [
      {
        "epoch": 0,
        "avg_parameter_std": 0.00676468713209033
      },
      {
        "epoch": 1,
        "avg_parameter_std": 0.006789786741137505
      },
      {
        "epoch": 2,
        "avg_parameter_std": 0.006814844440668821
      },
      {
        "epoch": 3,
        "avg_parameter_std": 0.006839898880571127
      }
    ]
  },
  "timestamp": "2025-10-17T00:45:28.087394",
  "evaluation": {
    "deterministic": {
      "loss": 0.5185391306877136,
      "perplexity": 1.6795722246170044
    },
    "posterior_mean": {
      "loss": 0.5225082039833069,
      "perplexity": 1.6862518787384033,
      "improvement_over_deterministic": -0.003969073295593262,
      "better_than_deterministic": false
    },
    "posterior_sampling": {
      "mean_loss": 0.5350113868713379,
      "std_loss": 0.023346243149211174,
      "min_loss": 0.5098522901535034,
      "max_loss": 0.5753122568130493,
      "num_samples": 5
    },
    "uncertainty": {
      "avg_predictive_entropy": 0.7789186835289001,
      "max_predictive_entropy": 2.4745702743530273,
      "min_predictive_entropy": 0.006707799155265093
    }
  }
}