{
  "sampler_type": "baoa",
  "config": {
    "batch_size": 16,
    "train_samples": 10000,
    "max_seq_length": 128,
    "num_epochs": 15,
    "learning_rate": 1e-06,
    "temperature": 1.0,
    "vi_n_samples": 1,
    "prior_std": 1,
    "prior_strength": 10.0,
    "init_log_scale": -5,
    "max_log_scale": 2,
    "prior_beta": 0.0001,
    "num_samples": 10,
    "max_new_tokens": 100,
    "generation_temperature": 0.8,
    "save_dir": "checkpoints/samplers",
    "wandb_project": "bayesian-nanogpt",
    "weight_decay": 0.01,
    "kl_weight": 1.0,
    "baoa_alpha": 0.01,
    "baoa_sigma": 1.0,
    "warmup_steps": 200,
    "sampling_steps": 1000,
    "thinning": 10
  },
  "training_metrics": {
    "training_losses": [
      0.5422590970993042,
      1.1864093542099,
      0.8184130191802979,
      0.3779802620410919,
      1.3911138772964478,
      0.8509036302566528,
      1.2337288856506348,
      0.928131103515625,
      1.7124943733215332,
      1.6405911445617676,
      1.2472182512283325,
      0.7554892897605896,
      1.3298673629760742,
      0.88316410779953,
      0.8992319107055664,
      0.5681126713752747,
      0.959649920463562,
      1.5766723155975342,
      1.1405597925186157,
      1.1532936096191406,
      1.2354400157928467,
      0.623151957988739,
      0.8874546885490417,
      1.5758626461029053
    ],
    "log_posterior_values": [
      -6409.99853515625,
      -12851.5009765625,
      -9171.5380859375,
      -4767.21044921875,
      -14898.5458984375,
      -9496.443359375,
      -13324.6962890625,
      -10268.7177734375,
      -18112.3515625,
      -17393.3203125,
      -13459.58984375,
      -8542.30078125,
      -14286.0810546875,
      -9819.0478515625,
      -9979.7265625,
      -6668.53466796875,
      -10583.9072265625,
      -16754.130859375,
      -12393.005859375,
      -12520.3447265625,
      -13341.80859375,
      -7218.927734375,
      -9861.955078125,
      -16746.03515625
    ],
    "epoch_times": [
      121.83934
    ],
    "sampler_specific_metrics": [],
    "total_steps": 1200,
    "samples_collected": 100
  },
  "timestamp": "2025-11-18T12:49:35.931454",
  "evaluation": {
    "deterministic": {
      "loss": 0.542256772518158,
      "perplexity": 1.7198837995529175
    },
    "posterior_mean": {
      "loss": 0.54482102394104,
      "perplexity": 1.724299669265747,
      "improvement_over_deterministic": -0.00256425142288208,
      "better_than_deterministic": false
    },
    "posterior_sampling": {
      "mean_loss": 0.5447667956352233,
      "std_loss": 2.6578389485503218e-05,
      "min_loss": 0.5447289943695068,
      "max_loss": 0.5448043346405029,
      "num_samples": 5
    },
    "uncertainty": {
      "avg_predictive_entropy": 0.7924103140830994,
      "max_predictive_entropy": 2.168023109436035,
      "min_predictive_entropy": 0.006734772585332394
    }
  }
}