{"_timestamp":1.7562154680413184e+09,"mfu":3.7157699392285775,"train/loss":1.2695798873901367,"_step":10,"val/loss":1.519636869430542,"lr":0.0009271396472013282,"_wandb":{"runtime":164},"_runtime":164,"iter":1000}