{
  "sampler_type": "vi",
  "config": {
    "batch_size": 12,
    "num_epochs": 3,
    "learning_rate": 1e-05,
    "max_new_tokens": 100,
    "generation_temperature": 0.8,
    "num_samples": 5,
    "max_seq_length": 128,
    "train_samples": 200,
    "save_dir": "checkpoints/samplers/vi_sampler",
    "wandb_project": "bayesian-nanogpt",
    "temperature": 0.005
  },
  "training_metrics": {
    "training_losses": [
      1.2362860300961662,
      1.279597818851471,
      1.2367645116413342
    ],
    "log_posterior_values": [
      -49414.24310661765,
      -49414.20772058824,
      -49414.19600183824
    ],
    "epoch_times": [
      109.750081,
      134.014268,
      166.619065
    ],
    "sampler_specific_metrics": [
      {
        "epoch": 0
      },
      {
        "epoch": 1
      },
      {
        "epoch": 2
      }
    ]
  },
  "timestamp": "2025-10-05T22:32:47.712384",
  "evaluation": {
    "deterministic": {
      "loss": 0.4761841595172882,
      "perplexity": 1.6099194288253784
    },
    "posterior_mean": {
      "loss": 0.47622624039649963,
      "perplexity": 1.6099872589111328,
      "improvement_over_deterministic": -4.208087921142578e-05,
      "better_than_deterministic": false
    },
    "posterior_sampling": {
      "mean_loss": 63.22275009155273,
      "std_loss": 12.075116089113976,
      "min_loss": 53.07368469238281,
      "max_loss": 86.5179443359375,
      "num_samples": 5
    },
    "uncertainty": {
      "avg_predictive_entropy": 1.722909927368164,
      "max_predictive_entropy": 2.1028518676757812,
      "min_predictive_entropy": 1.4026886224746704
    }
  }
}