{
  "sampler_type": "vi",
  "config": {
    "batch_size": 16,
    "train_samples": 10000,
    "max_seq_length": 128,
    "num_epochs": 1,
    "learning_rate": 0.0001,
    "temperature": 1,
    "vi_n_samples": 1,
    "prior_std": 1,
    "prior_strength": 10.0,
    "init_log_scale": -5,
    "max_log_scale": 2,
    "prior_beta": 0.0005,
    "num_samples": 10,
    "max_new_tokens": 100,
    "generation_temperature": 0.8,
    "save_dir": "checkpoints/samplers",
    "wandb_project": "bayesian-nanogpt",
    "weight_decay": 0.01,
    "kl_weight": 1.0
  },
  "training_metrics": {
    "training_losses": [
      1.117050725698471
    ],
    "log_posterior_values": [
      -16107.54947578125
    ],
    "epoch_times": [
      118.552523
    ],
    "sampler_specific_metrics": [
      {
        "epoch": 0,
        "avg_parameter_std": 0.006862663198262453
      }
    ]
  },
  "timestamp": "2025-11-06T08:51:38.440892",
  "evaluation": {
    "deterministic": {
      "loss": 0.542256772518158,
      "perplexity": 1.7198837995529175
    },
    "posterior_mean": {
      "loss": 0.3699907660484314,
      "perplexity": 1.447721242904663,
      "improvement_over_deterministic": 0.17226600646972656,
      "better_than_deterministic": true
    },
    "posterior_sampling": {
      "mean_loss": 0.38581188917160036,
      "std_loss": 0.01522436095324111,
      "min_loss": 0.3650362491607666,
      "max_loss": 0.4073560833930969,
      "num_samples": 5
    },
    "uncertainty": {
      "avg_predictive_entropy": 0.7479296326637268,
      "max_predictive_entropy": 2.2474544048309326,
      "min_predictive_entropy": 0.008615147322416306
    },
    "parameter_uncertainty": {
      "avg_parameter_std": 0.006863503231238364
    }
  }
}