{
  "/content/drive/MyDrive/samplers_models/samplers/baoa_sampler/pretrained-prior/run_20260225-101215/baoa_model.pt": {
    "overall_avg_quality": 4.479166666666667,
    "overall_avg_diversity": 5.491666666666666,
    "overall_avg_relevance": 6.275,
    "total_generations": 120,
    "by_config": {
      "temp_0.3_topk_10_samples_10": {
        "avg_quality": 4.933333333333334,
        "avg_diversity": 5.566666666666666,
        "avg_relevance": 6.4,
        "count": 15
      },
      "temp_0.3_topk_10_samples_20": {
        "avg_quality": 4.566666666666666,
        "avg_diversity": 5.633333333333334,
        "avg_relevance": 6.266666666666667,
        "count": 15
      },
      "temp_0.3_topk_50_samples_10": {
        "avg_quality": 4.466666666666667,
        "avg_diversity": 5.733333333333333,
        "avg_relevance": 6.3,
        "count": 15
      },
      "temp_0.3_topk_50_samples_20": {
        "avg_quality": 4.666666666666667,
        "avg_diversity": 5.833333333333333,
        "avg_relevance": 6.566666666666666,
        "count": 15
      },
      "temp_0.8_topk_10_samples_10": {
        "avg_quality": 5.3,
        "avg_diversity": 6.366666666666666,
        "avg_relevance": 6.766666666666667,
        "count": 15
      },
      "temp_0.8_topk_10_samples_20": {
        "avg_quality": 4.533333333333333,
        "avg_diversity": 5.333333333333333,
        "avg_relevance": 6.2,
        "count": 15
      },
      "temp_0.8_topk_50_samples_10": {
        "avg_quality": 3.433333333333333,
        "avg_diversity": 4.533333333333333,
        "avg_relevance": 5.566666666666666,
        "count": 15
      },
      "temp_0.8_topk_50_samples_20": {
        "avg_quality": 3.933333333333333,
        "avg_diversity": 4.933333333333334,
        "avg_relevance": 6.133333333333334,
        "count": 15
      }
    }
  },
  "/content/drive/MyDrive/samplers_models/baseline/baseline_model_2k.pt": {
    "overall_avg_quality": 4.600840336134453,
    "overall_avg_diversity": 5.701680672268908,
    "overall_avg_relevance": 6.411764705882353,
    "total_generations": 119,
    "by_config": {
      "temp_0.3_topk_10_samples_10": {
        "avg_quality": 4.166666666666667,
        "avg_diversity": 5.366666666666666,
        "avg_relevance": 6.533333333333333,
        "count": 15
      },
      "temp_0.3_topk_10_samples_20": {
        "avg_quality": 4.833333333333333,
        "avg_diversity": 6.166666666666667,
        "avg_relevance": 7.433333333333334,
        "count": 15
      },
      "temp_0.3_topk_50_samples_10": {
        "avg_quality": 4.633333333333334,
        "avg_diversity": 5.333333333333333,
        "avg_relevance": 5.566666666666666,
        "count": 15
      },
      "temp_0.8_topk_10_samples_10": {
        "avg_quality": 4.366666666666666,
        "avg_diversity": 5.633333333333334,
        "avg_relevance": 6.133333333333334,
        "count": 15
      },
      "temp_0.8_topk_10_samples_20": {
        "avg_quality": 4.6,
        "avg_diversity": 5.666666666666667,
        "avg_relevance": 6.3,
        "count": 15
      },
      "temp_0.8_topk_50_samples_10": {
        "avg_quality": 5.266666666666667,
        "avg_diversity": 6.466666666666667,
        "avg_relevance": 7.133333333333334,
        "count": 15
      },
      "temp_0.8_topk_50_samples_20": {
        "avg_quality": 4.866666666666666,
        "avg_diversity": 5.7,
        "avg_relevance": 6.6,
        "count": 15
      },
      "temp_0.3_topk_50_samples_20": {
        "avg_quality": 4.035714285714286,
        "avg_diversity": 5.25,
        "avg_relevance": 5.535714285714286,
        "count": 14
      }
    }
  },
  "/content/drive/MyDrive/samplers_models/samplers/sghmc_sampler/pretrained-prior/run_20260224-230657/sghmc_model.pt": {
    "overall_avg_quality": 4.320833333333334,
    "overall_avg_diversity": 5.35,
    "overall_avg_relevance": 6.454166666666667,
    "total_generations": 120,
    "by_config": {
      "temp_0.3_topk_10_samples_10": {
        "avg_quality": 3.5,
        "avg_diversity": 4.566666666666666,
        "avg_relevance": 5.466666666666667,
        "count": 15
      },
      "temp_0.3_topk_10_samples_20": {
        "avg_quality": 4.366666666666666,
        "avg_diversity": 5.433333333333334,
        "avg_relevance": 6.466666666666667,
        "count": 15
      },
      "temp_0.3_topk_50_samples_10": {
        "avg_quality": 4.633333333333334,
        "avg_diversity": 5.733333333333333,
        "avg_relevance": 6.7,
        "count": 15
      },
      "temp_0.3_topk_50_samples_20": {
        "avg_quality": 5.033333333333333,
        "avg_diversity": 6.333333333333333,
        "avg_relevance": 7.333333333333333,
        "count": 15
      },
      "temp_0.8_topk_10_samples_10": {
        "avg_quality": 4.866666666666666,
        "avg_diversity": 5.433333333333334,
        "avg_relevance": 6.666666666666667,
        "count": 15
      },
      "temp_0.8_topk_10_samples_20": {
        "avg_quality": 3.6333333333333333,
        "avg_diversity": 4.6,
        "avg_relevance": 5.8,
        "count": 15
      },
      "temp_0.8_topk_50_samples_10": {
        "avg_quality": 4.1,
        "avg_diversity": 5.233333333333333,
        "avg_relevance": 6.466666666666667,
        "count": 15
      },
      "temp_0.8_topk_50_samples_20": {
        "avg_quality": 4.433333333333334,
        "avg_diversity": 5.466666666666667,
        "avg_relevance": 6.733333333333333,
        "count": 15
      }
    }
  },
  "/content/drive/MyDrive/samplers_models/samplers/sghmc_sampler/pretrained-prior/run_20260224-232547/sghmc_model.pt": {
    "overall_avg_quality": 4.3655462184873945,
    "overall_avg_diversity": 5.5588235294117645,
    "overall_avg_relevance": 6.38655462184874,
    "total_generations": 119,
    "by_config": {
      "temp_0.3_topk_10_samples_10": {
        "avg_quality": 4.833333333333333,
        "avg_diversity": 5.866666666666666,
        "avg_relevance": 7.166666666666667,
        "count": 15
      },
      "temp_0.3_topk_10_samples_20": {
        "avg_quality": 4.6,
        "avg_diversity": 5.5,
        "avg_relevance": 6.333333333333333,
        "count": 15
      },
      "temp_0.3_topk_50_samples_10": {
        "avg_quality": 3.7857142857142856,
        "avg_diversity": 5.214285714285714,
        "avg_relevance": 6.142857142857143,
        "count": 14
      },
      "temp_0.3_topk_50_samples_20": {
        "avg_quality": 4.0,
        "avg_diversity": 5.433333333333334,
        "avg_relevance": 6.266666666666667,
        "count": 15
      },
      "temp_0.8_topk_10_samples_10": {
        "avg_quality": 4.2,
        "avg_diversity": 5.6,
        "avg_relevance": 6.3,
        "count": 15
      },
      "temp_0.8_topk_10_samples_20": {
        "avg_quality": 4.733333333333333,
        "avg_diversity": 6.2,
        "avg_relevance": 6.9,
        "count": 15
      },
      "temp_0.8_topk_50_samples_10": {
        "avg_quality": 4.666666666666667,
        "avg_diversity": 5.466666666666667,
        "avg_relevance": 6.066666666666666,
        "count": 15
      },
      "temp_0.8_topk_50_samples_20": {
        "avg_quality": 4.066666666666666,
        "avg_diversity": 5.166666666666667,
        "avg_relevance": 5.9,
        "count": 15
      }
    }
  },
  "/content/drive/MyDrive/samplers_models/samplers/baoa_sampler/pretrained-prior/run_20260207-192540/baoa_model.pt": {
    "overall_avg_quality": 4.533898305084746,
    "overall_avg_diversity": 5.682203389830509,
    "overall_avg_relevance": 6.27542372881356,
    "total_generations": 118,
    "by_config": {
      "temp_0.3_topk_10_samples_20": {
        "avg_quality": 4.5,
        "avg_diversity": 5.733333333333333,
        "avg_relevance": 6.366666666666666,
        "count": 15
      },
      "temp_0.3_topk_50_samples_10": {
        "avg_quality": 5.1,
        "avg_diversity": 6.333333333333333,
        "avg_relevance": 7.0,
        "count": 15
      },
      "temp_0.3_topk_50_samples_20": {
        "avg_quality": 5.0,