{
    "_wandb": {
        "runtime": 316
    },
    "val/loss": 1.4885433912277222,
    "train/loss": 1.0524996519088745,
    "_runtime": 316,
    "iter": 2000,
    "_step": 8,
    "_timestamp": 1.7579318697608733e+09,
    "lr": 0.0007054142744895884,
    "mfu": 3.4806646079346018
}