{
  "checkpoints/samplers/sghmc_sampler\\run_20251119-120219\\sghmc_model.pt": {
    "overall_avg_quality": 7.465240870819928,
    "overall_avg_diversity": 7.646829714040689,
    "overall_avg_relevance": 8.66024234891782,
    "total_generations": 2,
    "by_config": {
      "temp_0.3_topk_10_samples_2": {
        "avg_quality": 7.465240870819928,
        "avg_diversity": 7.646829714040689,
        "avg_relevance": 8.66024234891782,
        "count": 2
      }
    }
  }
}